ご注文リスト（＆CLOSET様）,,,,,,,,,,,,,,,,,,,,,
,,,,,,,,,,,,,,,,,,,,,
 この度は、ROLLIN THREEの商品ご購入いただき、誠にありがとうございます。,,,,,,,,,,,,,,,,,,,,,
以下の商品リストより、ご希望の商品について数量をご記入いただきますようお願いいたします。,,,,,,,,,,,,,,,,,,,,,
,,,,,,,,,,,,,,,,,,,,,
＃,"ボディ
タイプ",品番,商品名,カラーパターン,,販売価格,卸価格,,数量,,,,,,,,,,,金額計,
,,,,ボディ,デザイン,,,,,,,,,,,,,,,,
,,,,,,,,XS,S,M,L,XL,XXL,XS,S,M,L,XL,XXL,,
1,Polo,R3GOLF001,"One Love, Our Fairway",ホワイト,カラー,7800,4680,,,,,,,,,,,,,0,56
2,Polo,R3GOLF001,"One Love, Our Fairway",ホワイト,ソリッド,7800,4680,,,,,,,,,,,,,0,57
3,Polo,R3GOLF002,SURF OR TURF,ホワイト,1パターン,7800,4680,,,,,,,,,,,,,0,63
4,Polo,R3GOLF002,SURF OR TURF,ブラック,1パターン,7800,4680,,,,,,,,,,,,,0,
5,Polo,R3GOLF002,TURFERS GOLF  ,ネイビー,1パターン,7800,4680,,,,,,,,,,,,,0,58
6,Polo,R3GOLF002,TURFERS GOLF  ,ホワイト,1パターン,7800,4680,,,,,,,,,,,,,0,59
7,Polo,R3GOLF002,TURFERS GOLF  ,ブラック,1パターン,7800,4680,,,,,,,,,,,,,0,60
8,Polo,R3GOLF003,CoffeeTime Polo ,ブラック,カラー,7800,4680,,,,,,,,,,,,,0,64
9,Polo,R3GOLF003,CoffeeTime Polo ,ブラック,ソリッド,7800,4680,,,,,,,,,,,,,0,65
10,Polo,R3GOLF003,CoffeeTime Polo ,ネイビー,1パターン,7800,4680,,,,,,,,,,,,,0,
11,Polo,R3GOLF004,Last laugh ,ブラック,1パターン,7800,4680,,,,,,,,,,,,,0,66
12,Polo,R3GOLF005,TURFERS “Golf with Groove” 　,ブラック,1パターン,7800,4680,,,,,,,,,,,,,0,69
13,Polo,R3GOLF006,TURFERS GOLF CREW ,ネイビー,1パターン,7800,4680,,,,,,,,,,,,,0,54
14,Polo,R3GOLF006,TURFERS GOLF CREW ,ブラック,1パターン,7800,4680,,,,,,,,,,,,,0,55
15,Polo,R3GOLF008,BUNKER BURGER,ホワイト,1パターン,7800,4680,,,,,,,,,,,,,0,53
16,Polo,R3GOLF009,TURFERS UP,ホワイト,グリーンタイポ,7800,4680,,,,,,,,,,,,,0,51
17,Polo,R3GOLF009,TURFERS UP,ホワイト,ブラックタイポ,7800,4680,,,,,,,,,,,,,0,52
18,Polo,R3GOLF010,TURFERS VWB,ホワイト,1パターン,7800,4680,,,,,,,,,,,,,0,50
19,Polo,R3GOLF011,ROLLIN3 GOLF CLUB ,ホワイト,1パターン,7800,4680,,,,,,,,,,,,,0,49
20,Polo,R3GOLF012,Play Through the Stymie,ホワイト,1パターン,7800,4680,,,,,,,,,,,,,0,48
21,Polo,R3GOLF013,CHIP IT ANYWAY 　,ホワイト,1パターン,7800,4680,,,,,,,,,,,,,0,47
22,Polo,R3GOLF014,TURFERS POP ,ホワイト,1パターン,7800,4680,,,,,,,,,,,,,0,46
23,Polo,R3GOLF016,Trust your line ,ホワイト,1パターン,7800,4680,,,,,,,,,,,,,0,44
24,Polo,R3GOLF016,Trust your line ,ブラック,1パターン,7800,4680,,,,,,,,,,,,,0,45
25,Polo,R3GOLF017,"GOOD MORNING, BIRDIE!",ネイビー,カラー,7800,4680,,,,,,,,,,,,,0,38
26,Polo,R3GOLF017,"GOOD MORNING, BIRDIE!",ホワイト,ソリッド,7800,4680,,,,,,,,,,,,,0,39
27,Polo,R3GOLF018,Waves down ,ホワイト,1パターン,7800,4680,,,,,,,,,,,,,0,42
28,Polo,R3GOLF018,Waves down ,ネイビー,1パターン,7800,4680,,,,,,,,,,,,,0,43
29,Polo,R3GOLF019,SAND WEDGE DOG,ホワイト,1パターン,7800,4680,,,,,,,,,,,,,0,40
30,Polo,R3GOLF020,FORE THE TURFERS  　,ホワイト,1パターン,7800,4680,,,,,,,,,,,,,0,18
31,Polo,R3GOLF020,FORE THE TURFERS  　,ブラック,1パターン,7800,4680,,,,,,,,,,,,,0,19
32,Polo,R3GOLF021,Today’s Sun Golf Polo ,ホワイト,Palm Springs Pop,7800,4680,,,,,,,,,,,,,0,16
33,Polo,R3GOLF021,Today’s Sun Golf Polo ,ホワイト,Golden Olive Vintage,7800,4680,,,,,,,,,,,,,0,17
34,Polo,R3GOLF022,ONE HOLE WITH ROAM Polo ,ホワイト,1パターン,7800,4680,,,,,,,,,,,,,0,15
35,Polo,R3GOLF023,FUN is the SCORE Polo  ,ホワイト,オレンジ,7800,4680,,,,,,,,,,,,,0,12
36,Polo,R3GOLF023,FUN is the SCORE Polo  ,ホワイト,グリーン,7800,4680,,,,,,,,,,,,,0,13
37,Polo,R3GOLF023,FUN is the SCORE Polo  ,ホワイト,ブルー,7800,4680,,,,,,,,,,,,,0,14
38,Polo,R3GOLF024,Sunshine & Fairways Polo（ポケット付） ,ホワイト,サンセット,8400,5040,,,,,,,,,,,,,0,10
39,Polo,R3GOLF024,Sunshine & Fairways Polo（ポケット付） ,ホワイト,サニー,8400,5040,,,,,,,,,,,,,0,11
40,Polo,R3GOLF025,TURFERS Flag,ホワイト,グリーンフラッグ,7800,4680,,,,,,,,,,,,,0,6
41,Polo,R3GOLF025,TURFERS Flag,ホワイト,ネイビーフラッグ,7800,4680,,,,,,,,,,,,,0,7
42,Polo,R3GOLF025,TURFERS Flag,ホワイト,レッドフラッグ,7800,4680,,,,,,,,,,,,,0,8
43,T-shirt,R3TOWN,Vintage PADDLE ,ホワイト,1パターン,5800,3190,,,,,,,,,,,,,0,72
44,T-shirt,R3TOWN003,TURFERS POP_T ,バニラホワイト,1パターン,5800,3190,,,,,,,,,,,,,0,76
45,T-shirt,R3TOWN004,Every piece is part of you ,ホワイト,1パターン,5800,3190,,,,,,,,,,,,,0,74
46,T-shirt,R3TOWN005,PIG UP,バニラホワイト,1パターン,4800,2640,,,,,,,,,,,,,0,41
47,T-shirt,R3TOWNT001,TURFERS 3FACE ,ナチュラル,1パターン,5800,3190,,,,,,,,,,,,,0,73
48,T-shirt,R3TOWNT002,Canoe Anatomy ,ナチュラル,1パターン,5800,3190,,,,,,,,,,,,,0,75
49,T-shirt,R3TOWNT005,SURF CREW PAPER DOLL SET　,バニラホワイト,1パターン,5800,3190,,,,,,,,,,,,,0,35
50,T-shirt,R3TOWNT005,SURF CREW PAPER DOLL SET　,グリーン,1パターン,5800,3190,,,,,,,,,,,,,0,36
51,T-shirt,R3TOWNT006,ROLLIN ZEN “FIND YOUR BALANCE” ,ホワイト,1パターン,5800,3190,,,,,,,,,,,,,0,34
52,T-shirt,R3TOWNT007,GOOD IS GOOD.　,ホワイト,1パターン,5800,3190,,,,,,,,,,,,,0,31
53,T-shirt,R3TOWNT007,GOOD IS GOOD.　,バニラホワイト,1パターン,5800,3190,,,,,,,,,,,,,0,32
54,T-shirt,R3TOWNT007,GOOD IS GOOD.　,アプリコット,1パターン,5800,3190,,,,,,,,,,,,,0,33
55,T-shirt,R3TOWNT008,VWB 63SPRIT  ,ホワイト,1パターン,5800,3190,,,,,,,,,,,,,0,27
56,T-shirt,R3TOWNT008,VWB 63SPRIT  ,オリーブ,1パターン,5800,3190,,,,,,,,,,,,,0,28
57,T-shirt,R3TOWNT008,VWB 63SPRIT  ,ライトイエロー,1パターン,5800,3190,,,,,,,,,,,,,0,29
58,T-shirt,R3TOWNT008,VWB 63SPRIT  ,アプリコット,1パターン,5800,3190,,,,,,,,,,,,,0,30
59,T-shirt,R3TOWNT010,SURF’S UP　,ホワイト,1パターン,5800,3190,,,,,,,,,,,,,0,22
60,T-shirt,R3TOWNT010,SURF’S UP　,オリーブ,1パターン,5800,3190,,,,,,,,,,,,,0,23
61,T-shirt,R3TOWNT010,SURF’S UP　,バニラホワイト,1パターン,5800,3190,,,,,,,,,,,,,0,24
62,T-shirt,R3TOWNT010,SURF’S UP　,ライトイエロー,1パターン,5800,3190,,,,,,,,,,,,,0,25
63,T-shirt,R3TOWNT011,PADDLE’S UP　,ホワイト,1パターン,5800,3190,,,,,,,,,,,,,0,26
64,T-shirt,R3TOWNT012,SURF’S UP　,ホワイト,1パターン,5800,3190,,,,,,,,,,,,,0,20
65,T-shirt,R3TOWNT012,SURF’S UP　,バニラホワイト,1パターン,5800,3190,,,,,,,,,,,,,0,21
66,T-shirt,R3TOWNT015 ,MAKE MEMORIES　,ホワイト,1パターン,8200,4510,,,,,,,,,,,,,0,1
67,T-shirt,R3TOWNT015 ,MAKE MEMORIES　,アイボリー,1パターン,8200,4510,,,,,,,,,,,,,0,2
68,T-shirt,R3TOWNT015 ,MAKE MEMORIES　,イエロー,1パターン,8200,4510,,,,,,,,,,,,,0,3
69,T-shirt,R3TOWNT015 ,MAKE MEMORIES　,グランベリー,1パターン,8200,4510,,,,,,,,,,,,,0,4
70,T-shirt,R3TOWNT015 ,MAKE MEMORIES　,ペッパー,1パターン,8200,4510,,,,,,,,,,,,,0,5
71,T-shirt,R3TOWNT024,DRIFT EASY  ,ホワイト,1パターン,6400,3520,,,,,,,,,,,,,0,9
72,MockNeck,R3GOLF019,GOLF&GROOVE ,ブラック,1パターン,12800,7680,,,,,,,,,,,,,0,70
73,MockNeck,R3GOLF020,Wave down. Club up ,ブラック,1パターン,12800,7680,,,,,,,,,,,,,0,67
74,T-shirt,R3TOWNT026,WHAT'S UP TOMORROW,ホワイト,1パターン,5800,3190,,,,,,,,,,,,,,
75,Polo,R3GOLF027,WHAT'S UP TOMORROW Polo,ホワイト,1パターン,7800,4680,,,,,,,,,,,,,0,
76,Polo,R3GOLF026, PEANUT PATTER,ホワイト,1パターン,8400,5040,,,,,,,,,,,,,,
77,Polo,R3GOLF026, PEANUT PATTER,グリーン,1パターン,8400,5040,,,,,,,,,,,,,,
78,Polo,R3GOLF026, PEANUT PATTER,ターコイズブルー,1パターン,8400,5040,,,,,,,,,,,,,,
,,,,,,,,,,,,,,,,,,,,,
,,,,,,,,,,,,,,,,合計金額,,,,,
